id,first_name,last_name,email,country
1,Sean,Bowman,sbowman0@ibm.com,Jamaica
2,Mary,Torres,mtorres1@huffingtonpost.com,Poland
3,Willie,Owens,wowens2@bluehost.com,Tajikistan
4,Bobby,Parker,bparker3@spiegel.de,Tajikistan
5,Rose,Schmidt,rschmidt4@irs.gov,Brazil
6,Linda,Cox,lcox5@chronoengine.com,Philippines
7,Ernest,Kelly,ekelly6@dmoz.org,Philippines
8,Timothy,Hall,thall7@blogtalkradio.com,China
9,Edward,Bradley,ebradley8@123-reg.co.uk,Indonesia
10,Ryan,Moreno,rmoreno9@state.gov,China
11,Kathy,Woods,kwoodsa@aol.com,Canada
12,Peter,Cole,pcoleb@cpanel.net,Ethiopia
13,Jennifer,Gardner,jgardnerc@comsenz.com,Philippines
14,Nicholas,Olson,nolsond@nyu.edu,Poland
15,Paula,Nguyen,pnguyene@biglobe.ne.jp,Indonesia
16,Beverly,Hawkins,bhawkinsf@1688.com,Indonesia
17,Clarence,Ward,cwardg@netlog.com,Nepal
18,Carolyn,Ross,crossh@google.ru,Chile
19,Bobby,Long,blongi@linkedin.com,Yemen
20,Antonio,Banks,abanksj@is.gd,Lithuania
21,Keith,Watson,kwatsonk@java.com,Peru
22,Douglas,Hamilton,dhamiltonl@illinois.edu,China
23,Paul,Duncan,pduncanm@yellowpages.com,Honduras
24,Nancy,Lane,nlanen@mashable.com,Poland
25,Kimberly,Arnold,karnoldo@europa.eu,Portugal
26,Donna,Castillo,dcastillop@i2i.jp,Canada
27,Gerald,Rodriguez,grodriguezq@nymag.com,China
28,Tina,Roberts,trobertsr@tripadvisor.com,Norway
29,David,Rodriguez,drodriguezs@weather.com,Indonesia
30,Jeffrey,Mccoy,jmccoyt@blogtalkradio.com,Indonesia
31,Rachel,Dunn,rdunnu@tmall.com,Canada
32,Jacqueline,Bailey,jbaileyv@storify.com,China
33,Louise,Rice,lricew@quantcast.com,Poland
34,Brenda,Clark,bclarkx@fotki.com,Croatia
35,Laura,Day,ldayy@mayoclinic.com,Latvia
36,Lisa,Nelson,lnelsonz@dailymail.co.uk,Nigeria
37,Shawn,Bennett,sbennett10@reverbnation.com,Azerbaijan
38,Patrick,Miller,pmiller11@illinois.edu,Armenia
39,Laura,Jacobs,ljacobs12@state.gov,Japan
40,Roger,Bell,rbell13@whitehouse.gov,China
41,Keith,Larson,klarson14@usa.gov,Philippines
42,Jose,Cole,jcole15@google.pl,Poland
43,Louise,Murphy,lmurphy16@flavors.me,China
44,Jean,Hill,jhill17@huffingtonpost.com,Greece
45,Ralph,Lawrence,rlawrence18@rambler.ru,Indonesia
46,Sandra,Jacobs,sjacobs19@utexas.edu,Brazil
47,Rachel,Miller,rmiller1a@oaic.gov.au,Czech Republic
48,Lawrence,Watson,lwatson1b@xinhuanet.com,Bulgaria
49,Jason,Richardson,jrichardson1c@dot.gov,Palestinian Territory
50,Martin,Burke,mburke1d@homestead.com,Mexico
51,Adam,Sims,asims1e@mashable.com,Indonesia
52,Harry,Garrett,hgarrett1f@dedecms.com,Portugal
53,Edward,Wallace,ewallace1g@sun.com,Cyprus
54,Craig,George,cgeorge1h@yandex.ru,Czech Republic
55,Patricia,Kennedy,pkennedy1i@si.edu,Indonesia
56,Victor,Kelley,vkelley1j@xrea.com,Portugal
57,Angela,Marshall,amarshall1k@usa.gov,Portugal
58,Anthony,Kennedy,akennedy1l@hao123.com,Indonesia
59,Douglas,Reyes,dreyes1m@cbslocal.com,Iran
60,Raymond,Snyder,rsnyder1n@sun.com,China
61,Nicole,Rice,nrice1o@t-online.de,China
62,Russell,Mitchell,rmitchell1p@sphinn.com,Sweden
63,Christina,Alvarez,calvarez1q@cnbc.com,Syria
64,Judy,Allen,jallen1r@examiner.com,Indonesia
65,Joan,Anderson,janderson1s@geocities.jp,Germany
66,Peter,Rose,prose1t@utexas.edu,Russia
67,Craig,Kennedy,ckennedy1u@globo.com,Thailand
68,Shawn,Freeman,sfreeman1v@redcross.org,Brazil
69,Sandra,Hanson,shanson1w@google.it,Guatemala
70,Victor,Green,vgreen1x@latimes.com,China
71,Theresa,Alexander,talexander1y@google.com.br,Malaysia
72,Ruby,Coleman,rcoleman1z@weibo.com,Indonesia
73,Susan,Hansen,shansen20@canalblog.com,Portugal
74,Harold,Henry,hhenry21@businessweek.com,Czech Republic
75,Ruby,Mccoy,rmccoy22@utexas.edu,Netherlands
76,Linda,West,lwest23@fotki.com,Palestinian Territory
77,Jimmy,Harper,jharper24@blogtalkradio.com,Thailand
78,Frank,Collins,fcollins25@shinystat.com,China
79,Jose,Evans,jevans26@princeton.edu,Russia
80,Norma,Hernandez,nhernandez27@bandcamp.com,Libya
81,Katherine,Stone,kstone28@yale.edu,Peru
82,Charles,Meyer,cmeyer29@usatoday.com,Brazil
83,Aaron,Watkins,awatkins2a@ox.ac.uk,Portugal
84,Richard,Allen,rallen2b@npr.org,Yemen
85,Nancy,Grant,ngrant2c@biblegateway.com,France
86,Christine,Stevens,cstevens2d@wisc.edu,Peru
87,Philip,Wright,pwright2e@weather.com,Brazil
88,Terry,Gray,tgray2f@princeton.edu,China
89,Antonio,Sanders,asanders2g@e-recht24.de,Ireland
90,Nancy,Black,nblack2h@tinyurl.com,Mauritius
91,Andrew,Peters,apeters2i@upenn.edu,Sweden
92,Patrick,Matthews,pmatthews2j@discovery.com,Colombia
93,Frances,Moreno,fmoreno2k@123-reg.co.uk,Norway
94,Jessica,Henry,jhenry2l@dot.gov,Poland
95,William,Franklin,wfranklin2m@blinklist.com,Thailand
96,Arthur,Thompson,athompson2n@nps.gov,Iran
97,Matthew,Adams,madams2o@ehow.com,Brazil
98,Jesse,Lawrence,jlawrence2p@taobao.com,France
99,Shawn,Gordon,sgordon2q@e-recht24.de,Indonesia
100,Sarah,Martinez,smartinez2r@purevolume.com,China
101,Shawn,Moreno,smoreno2s@domainmarket.com,Czech Republic
102,Joan,Torres,jtorres2t@scribd.com,Argentina
103,Louise,Ferguson,lferguson2u@aboutads.info,Ethiopia
104,Henry,Holmes,hholmes2v@nba.com,Mexico
105,Carol,Jones,cjones2w@aboutads.info,China
106,Theresa,Jones,tjones2x@sourceforge.net,China
107,Catherine,Carter,ccarter2y@amazon.de,United States
108,Brandon,Perry,bperry2z@house.gov,Japan
109,Randy,Woods,rwoods30@wunderground.com,Sweden
110,Harry,Frazier,hfrazier31@tripod.com,China
111,Deborah,Hanson,dhanson32@elpais.com,China
112,Ruby,Phillips,rphillips33@networksolutions.com,Niger
113,Antonio,Boyd,aboyd34@hao123.com,Philippines
114,Jonathan,Howard,jhoward35@prweb.com,Eritrea
115,Clarence,Ross,cross36@foxnews.com,Philippines
116,Justin,Evans,jevans37@dell.com,Japan
117,Elizabeth,Mcdonald,emcdonald38@elegantthemes.com,Ukraine
118,Jerry,Dixon,jdixon39@mozilla.com,China
119,Kelly,Alvarez,kalvarez3a@4shared.com,Zambia
120,Andrea,George,ageorge3b@youtube.com,Ethiopia
121,Michael,Morrison,mmorrison3c@friendfeed.com,Iran
122,Jean,Alexander,jalexander3d@uiuc.edu,Moldova
123,Howard,Richards,hrichards3e@ftc.gov,Philippines
124,Sharon,Moore,smoore3f@dagondesign.com,China
125,Harold,Hamilton,hhamilton3g@independent.co.uk,Japan
126,Chris,Hill,chill3h@themeforest.net,Indonesia
127,Betty,Patterson,bpatterson3i@mac.com,Poland
128,Kevin,Moreno,kmoreno3j@marketwatch.com,Czech Republic
129,Jimmy,Allen,jallen3k@comsenz.com,Philippines
130,Louise,Torres,ltorres3l@ox.ac.uk,Philippines
131,Betty,Kelly,bkelly3m@privacy.gov.au,Thailand
132,Julie,Patterson,jpatterson3n@vk.com,Indonesia
133,Carl,Johnston,cjohnston3o@alibaba.com,Thailand
134,Roy,Olson,rolson3p@dailymotion.com,China
135,Gary,Ellis,gellis3q@w3.org,Rwanda
136,Lois,Tucker,ltucker3r@google.com.hk,Sweden
137,Alice,Washington,awashington3s@list-manage.com,China
138,Joan,Coleman,jcoleman3t@psu.edu,Philippines
139,Justin,Andrews,jandrews3u@is.gd,Finland
140,Charles,Bell,cbell3v@whitehouse.gov,China
141,Willie,Perry,wperry3w@nature.com,Albania
142,Peter,Long,plong3x@moonfruit.com,Haiti
143,Gerald,Owens,gowens3y@cbslocal.com,Iran
144,Betty,Wallace,bwallace3z@weebly.com,Indonesia
145,Rebecca,Stevens,rstevens40@tmall.com,Luxembourg
146,Janice,Marshall,jmarshall41@google.com,Indonesia
147,Lisa,Martinez,lmartinez42@dagondesign.com,Greece
148,Charles,Austin,caustin43@home.pl,Mongolia
149,Harold,Frazier,hfrazier44@vinaora.com,Denmark
150,Adam,Webb,awebb45@illinois.edu,Pakistan
151,Jeffrey,Elliott,jelliott46@yandex.ru,Cameroon
152,Cheryl,Morgan,cmorgan47@examiner.com,Iran
153,Margaret,Oliver,moliver48@arizona.edu,Brazil
154,Richard,Wheeler,rwheeler49@pcworld.com,Greece
155,Carl,Austin,caustin4a@networkadvertising.org,Ukraine
156,Gary,Fields,gfields4b@aol.com,Cuba
157,Lisa,Cruz,lcruz4c@indiegogo.com,Greece
158,Christine,Butler,cbutler4d@nbcnews.com,Argentina
159,Todd,Gonzalez,tgonzalez4e@cisco.com,China
160,Jacqueline,Grant,jgrant4f@goodreads.com,Philippines
161,Pamela,Porter,pporter4g@marriott.com,Portugal
162,Keith,Henry,khenry4h@rediff.com,Poland
163,Heather,Fisher,hfisher4i@chicagotribune.com,Iraq
164,Amanda,Robertson,arobertson4j@go.com,China
165,Kathryn,Ramos,kramos4k@1688.com,Indonesia
166,Christopher,Stanley,cstanley4l@xinhuanet.com,Ukraine
167,Lillian,Ellis,lellis4m@stumbleupon.com,France
168,Margaret,Perkins,mperkins4n@hhs.gov,Russia
169,Larry,Burton,lburton4o@home.pl,Czech Republic
170,Tina,Butler,tbutler4p@tripod.com,Dominican Republic
171,Albert,Lane,alane4q@cisco.com,Colombia
172,Karen,Hart,khart4r@infoseek.co.jp,Bolivia
173,Sara,Moore,smoore4s@mozilla.org,Finland
174,Brandon,Martinez,bmartinez4t@artisteer.com,Iraq
175,Nicholas,Cole,ncole4u@dell.com,Philippines
176,Carlos,Price,cprice4v@elpais.com,China
177,Joseph,Montgomery,jmontgomery4w@e-recht24.de,Portugal
178,Diane,Stanley,dstanley4x@twitpic.com,Albania
179,Teresa,Johnson,tjohnson4y@dailymotion.com,Argentina
180,Steven,Reid,sreid4z@fotki.com,Poland
181,Rose,Butler,rbutler50@moonfruit.com,China
182,Phillip,Long,plong51@usnews.com,North Korea
183,Jessica,Rogers,jrogers52@homestead.com,Peru
184,Thomas,Daniels,tdaniels53@ft.com,Western Sahara
185,Linda,Duncan,lduncan54@bravesites.com,China
186,Harry,Scott,hscott55@unblog.fr,China
187,Howard,Rivera,hrivera56@trellian.com,American Samoa
188,Charles,Mitchell,cmitchell57@census.gov,Thailand
189,Nicholas,Spencer,nspencer58@sakura.ne.jp,Samoa
190,Martin,Scott,mscott59@tiny.cc,Russia
191,Janet,Shaw,jshaw5a@marriott.com,Azerbaijan
192,Nicole,Thomas,nthomas5b@rediff.com,Portugal
193,Karen,Clark,kclark5c@hp.com,Brazil
194,Stephen,Cole,scole5d@rambler.ru,Philippines
195,Virginia,Collins,vcollins5e@wordpress.org,Thailand
196,Jose,Grant,jgrant5f@whitehouse.gov,United States
197,George,Castillo,gcastillo5g@weibo.com,Peru
198,Sara,Ryan,sryan5h@wikipedia.org,Brazil
199,Bonnie,Snyder,bsnyder5i@google.pl,South Africa
200,Richard,Arnold,rarnold5j@ebay.co.uk,Czech Republic
201,David,Black,dblack5k@irs.gov,Brazil
202,Betty,Rogers,brogers5l@google.com,Indonesia
203,Helen,Daniels,hdaniels5m@surveymonkey.com,Finland
204,Christopher,Grant,cgrant5n@msu.edu,China
205,Lawrence,Stone,lstone5o@i2i.jp,China
206,Antonio,Payne,apayne5p@squarespace.com,Canada
207,Anna,Russell,arussell5q@goodreads.com,Sweden
208,Jane,Franklin,jfranklin5r@booking.com,Poland
209,Rose,Hart,rhart5s@storify.com,Indonesia
210,Harold,Baker,hbaker5t@who.int,Togo
211,Anne,Cruz,acruz5u@hexun.com,Sweden
212,Doris,Ramirez,dramirez5v@whitehouse.gov,Brazil
213,Janice,Richardson,jrichardson5w@berkeley.edu,Portugal
214,Douglas,Gomez,dgomez5x@purevolume.com,Afghanistan
215,Irene,Boyd,iboyd5y@dmoz.org,Poland
216,Fred,Hughes,fhughes5z@sfgate.com,China
217,Ralph,Myers,rmyers60@sogou.com,Portugal
218,Helen,Richardson,hrichardson61@hubpages.com,Indonesia
219,Judith,Bailey,jbailey62@ycombinator.com,United States
220,Roy,Rose,rrose63@nationalgeographic.com,Russia
221,Paul,Martin,pmartin64@hexun.com,Panama
222,Frances,Henry,fhenry65@etsy.com,Indonesia
223,Shirley,Sims,ssims66@nih.gov,Sweden
224,Daniel,Romero,dromero67@time.com,Russia
225,Jimmy,Grant,jgrant68@europa.eu,Chile
226,Phyllis,Webb,pwebb69@wordpress.org,China
227,Aaron,Reid,areid6a@seattletimes.com,Russia
228,Larry,Freeman,lfreeman6b@ameblo.jp,Sweden
229,Marilyn,Ferguson,mferguson6c@tamu.edu,Philippines
230,Juan,Elliott,jelliott6d@moonfruit.com,Guatemala
231,Jessica,Arnold,jarnold6e@tinypic.com,Argentina
232,Mary,Sullivan,msullivan6f@bloomberg.com,Ukraine
233,Anna,Patterson,apatterson6g@samsung.com,China
234,Anne,Jones,ajones6h@addtoany.com,France
235,Jerry,Wilson,jwilson6i@google.ca,Ukraine
236,Amanda,Kim,akim6j@sitemeter.com,Peru
237,Sharon,Morgan,smorgan6k@pagesperso-orange.fr,France
238,Jason,Torres,jtorres6l@earthlink.net,Brazil
239,Ann,George,ageorge6m@nationalgeographic.com,Bulgaria
240,Donald,Fields,dfields6n@hhs.gov,Poland
241,Rachel,Sullivan,rsullivan6o@so-net.ne.jp,Rwanda
242,Aaron,Lane,alane6p@multiply.com,China
243,Diana,Wood,dwood6q@ca.gov,Cameroon
244,Wanda,Reyes,wreyes6r@gov.uk,Indonesia
245,Christina,Baker,cbaker6s@geocities.com,China
246,Lawrence,Patterson,lpatterson6t@loc.gov,China
247,Carol,Hunter,chunter6u@geocities.jp,Tunisia
248,Douglas,Fisher,dfisher6v@blog.com,Czech Republic
249,Jessica,Oliver,joliver6w@loc.gov,Poland
250,Julia,Ford,jford6x@nih.gov,Poland
251,Frances,Bryant,fbryant6y@dion.ne.jp,China
252,Judith,Peters,jpeters6z@creativecommons.org,China
253,Larry,Reynolds,lreynolds70@booking.com,Poland
254,Kimberly,Taylor,ktaylor71@nationalgeographic.com,Philippines
255,Larry,Alexander,lalexander72@example.com,Yemen
256,Kenneth,Garcia,kgarcia73@nydailynews.com,Philippines
257,Gary,Shaw,gshaw74@wsj.com,Slovenia
258,Lisa,Hunt,lhunt75@timesonline.co.uk,Greece
259,Tammy,Gonzalez,tgonzalez76@163.com,Peru
260,Denise,Green,dgreen77@4shared.com,Thailand
261,Nancy,Bailey,nbailey78@hexun.com,China
262,Ashley,Banks,abanks79@jimdo.com,China
263,Mildred,Johnston,mjohnston7a@webs.com,Canada
264,Fred,Black,fblack7b@umn.edu,South Africa
265,Michael,Turner,mturner7c@dailymotion.com,Indonesia
266,Stephen,Arnold,sarnold7d@amazonaws.com,China
267,Joan,Bradley,jbradley7e@google.cn,Indonesia
268,Joshua,Henry,jhenry7f@last.fm,Pakistan
269,Donna,Little,dlittle7g@cam.ac.uk,Sweden
270,Debra,West,dwest7h@berkeley.edu,Indonesia
271,Christopher,Burton,cburton7i@oracle.com,United States
272,Joseph,Cooper,jcooper7j@jiathis.com,Philippines
273,Lori,Hall,lhall7k@cnet.com,Bosnia and Herzegovina
274,Debra,Hunt,dhunt7l@msu.edu,Iran
275,Deborah,Carpenter,dcarpenter7m@a8.net,Brazil
276,Jimmy,Henry,jhenry7n@weibo.com,Pakistan
277,Judy,James,jjames7o@vinaora.com,Luxembourg
278,Jose,Brown,jbrown7p@skype.com,Mexico
279,Albert,Ross,aross7q@springer.com,China
280,Jason,Russell,jrussell7r@go.com,Finland
281,Deborah,Knight,dknight7s@guardian.co.uk,China
282,Ryan,Webb,rwebb7t@icio.us,China
283,Helen,Reynolds,hreynolds7u@usatoday.com,Czech Republic
284,Alan,Russell,arussell7v@statcounter.com,Philippines
285,Jonathan,Day,jday7w@ox.ac.uk,Indonesia
286,Randy,Nelson,rnelson7x@usnews.com,Brazil
287,Ruth,King,rking7y@fda.gov,Peru
288,Stephen,Williams,swilliams7z@archive.org,Germany
289,Mildred,Simmons,msimmons80@elegantthemes.com,China
290,Kevin,Lane,klane81@github.io,Thailand
291,Doris,Morrison,dmorrison82@wordpress.org,China
292,Laura,Henderson,lhenderson83@ibm.com,Russia
293,Cynthia,Gibson,cgibson84@live.com,China
294,Sharon,Burton,sburton85@arizona.edu,Poland
295,Jonathan,Ruiz,jruiz86@independent.co.uk,Vietnam
296,Ralph,Little,rlittle87@plala.or.jp,Sweden
297,Rose,Harvey,rharvey88@e-recht24.de,Indonesia
298,Timothy,Dean,tdean89@archive.org,Greece
299,Denise,Murphy,dmurphy8a@stanford.edu,Nigeria
300,Julie,Garrett,jgarrett8b@blogtalkradio.com,Philippines
301,John,Anderson,janderson8c@prweb.com,Indonesia
302,Alice,Ford,aford8d@japanpost.jp,Macedonia
303,Diana,Brooks,dbrooks8e@earthlink.net,Philippines
304,Earl,Peterson,epeterson8f@sciencedaily.com,Indonesia
305,Kimberly,Nguyen,knguyen8g@wikimedia.org,Indonesia
306,Elizabeth,Owens,eowens8h@cdbaby.com,China
307,Howard,Adams,hadams8i@drupal.org,Brazil
308,Dennis,Stephens,dstephens8j@samsung.com,Philippines
309,Robin,Moore,rmoore8k@theguardian.com,Cambodia
310,Annie,Hudson,ahudson8l@amazonaws.com,United States
311,Lawrence,Myers,lmyers8m@netscape.com,Syria
312,Antonio,Alexander,aalexander8n@youtu.be,Indonesia
313,Christine,Reid,creid8o@telegraph.co.uk,Madagascar
314,Willie,Black,wblack8p@nydailynews.com,Colombia
315,Dennis,Morrison,dmorrison8q@multiply.com,China
316,Donald,Evans,devans8r@privacy.gov.au,Brazil
317,Karen,Kennedy,kkennedy8s@desdev.cn,Democratic Republic of the Congo
318,Jeffrey,Hunter,jhunter8t@google.com.hk,China
319,Deborah,Gibson,dgibson8u@ibm.com,France
320,Brenda,Williams,bwilliams8v@desdev.cn,China
321,Marilyn,Wheeler,mwheeler8w@mlb.com,Philippines
322,Billy,Daniels,bdaniels8x@redcross.org,Greece
323,Clarence,Cox,ccox8y@shinystat.com,Mexico
324,Roger,Moreno,rmoreno8z@canalblog.com,Portugal
325,Doris,Kelley,dkelley90@github.com,Indonesia
326,Robert,Kim,rkim91@newyorker.com,Indonesia
327,Juan,Taylor,jtaylor92@wufoo.com,Serbia
328,Gary,Kelly,gkelly93@apache.org,China
329,Barbara,Wilson,bwilson94@house.gov,Morocco
330,Ruby,Fields,rfields95@stumbleupon.com,United States
331,Alice,Chapman,achapman96@360.cn,Russia
332,Christine,Wheeler,cwheeler97@free.fr,China
333,Cheryl,Cooper,ccooper98@cyberchimps.com,Micronesia
334,Teresa,Olson,tolson99@google.fr,Philippines
335,Ryan,Gilbert,rgilbert9a@smh.com.au,Nigeria
336,Stephanie,Freeman,sfreeman9b@narod.ru,China
337,Carlos,Green,cgreen9c@salon.com,Indonesia
338,Martha,Martinez,mmartinez9d@angelfire.com,Luxembourg
339,Antonio,Webb,awebb9e@oaic.gov.au,Thailand
340,William,Sanders,wsanders9f@ovh.net,Ethiopia
341,Teresa,Richardson,trichardson9g@baidu.com,Indonesia
342,Linda,Greene,lgreene9h@bloglovin.com,Indonesia
343,Carolyn,Ortiz,cortiz9i@weather.com,Russia
344,Juan,Mitchell,jmitchell9j@e-recht24.de,Philippines
345,Stephen,Rivera,srivera9k@cisco.com,China
346,Martha,Rodriguez,mrodriguez9l@disqus.com,Poland
347,Margaret,Cole,mcole9m@yahoo.com,United States
348,Lawrence,Bowman,lbowman9n@discuz.net,Sweden
349,Tina,Stevens,tstevens9o@slideshare.net,Uzbekistan
350,Diane,Hanson,dhanson9p@washingtonpost.com,Brazil
351,Michelle,Snyder,msnyder9q@woothemes.com,Finland
352,Tammy,Scott,tscott9r@washington.edu,China
353,Albert,Cooper,acooper9s@berkeley.edu,China
354,Pamela,Alvarez,palvarez9t@go.com,Russia
355,Sarah,Morris,smorris9u@washingtonpost.com,China
356,Christina,Clark,cclark9v@bloglines.com,Indonesia
357,Eugene,Rivera,erivera9w@drupal.org,Japan
358,Alan,Spencer,aspencer9x@freewebs.com,Philippines
359,Bonnie,Evans,bevans9y@sogou.com,Indonesia
360,George,Harvey,gharvey9z@usatoday.com,Syria
361,Brandon,Sanders,bsandersa0@sphinn.com,France
362,Donald,Welch,dwelcha1@vinaora.com,Ireland
363,Melissa,Hunter,mhuntera2@webmd.com,Indonesia
364,Helen,Morris,hmorrisa3@wordpress.org,Hong Kong
365,Denise,Martinez,dmartineza4@gnu.org,Indonesia
366,Frank,Ford,fforda5@t-online.de,China
367,Alan,Dean,adeana6@netlog.com,Indonesia
368,Susan,Harvey,sharveya7@adobe.com,Indonesia
369,Russell,Hall,rhalla8@geocities.jp,China
370,Deborah,Fields,dfieldsa9@squidoo.com,Canada
371,Thomas,Stanley,tstanleyaa@prlog.org,China
372,Lawrence,Russell,lrussellab@sbwire.com,China
373,Jonathan,Harvey,jharveyac@bizjournals.com,Russia
374,Ralph,Lawrence,rlawrencead@cam.ac.uk,Indonesia
375,Paula,Barnes,pbarnesae@arstechnica.com,Brazil
376,Michelle,Perry,mperryaf@unc.edu,Indonesia
377,Nancy,Harris,nharrisag@slashdot.org,Ecuador
378,Judith,Riley,jrileyah@slate.com,Portugal
379,Albert,Gardner,agardnerai@ifeng.com,China
380,Steven,George,sgeorgeaj@smugmug.com,Indonesia
381,Phillip,Graham,pgrahamak@woothemes.com,China
382,Diana,Jones,djonesal@bloglines.com,Afghanistan
383,Wayne,Webb,wwebbam@usa.gov,Russia
384,Samuel,Black,sblackan@who.int,Philippines
385,Helen,Spencer,hspencerao@ucla.edu,China
386,Bruce,Tucker,btuckerap@craigslist.org,Japan
387,Doris,King,dkingaq@ow.ly,Philippines
388,Andrea,Woods,awoodsar@shop-pro.jp,Cyprus
389,Carol,Kelly,ckellyas@fotki.com,Russia
390,Linda,Gonzales,lgonzalesat@google.it,Brazil
391,Charles,Gomez,cgomezau@ucsd.edu,Indonesia
392,Emily,Hunter,ehunterav@ted.com,Philippines
393,Jesse,Peterson,jpetersonaw@elegantthemes.com,United States
394,Jean,Nguyen,jnguyenax@smugmug.com,Indonesia
395,Andrea,Thomas,athomasay@springer.com,Japan
396,Mildred,Hawkins,mhawkinsaz@hc360.com,China
397,Victor,Anderson,vandersonb0@yelp.com,Czech Republic
398,Joyce,Payne,jpayneb1@imageshack.us,Thailand
399,Theresa,Chapman,tchapmanb2@liveinternet.ru,Indonesia
400,Steven,Rose,sroseb3@home.pl,China
401,Alice,Fernandez,afernandezb4@php.net,Japan
402,Peter,Gardner,pgardnerb5@dagondesign.com,China
403,Rose,Dean,rdeanb6@google.cn,Serbia
404,Gerald,Gordon,ggordonb7@xing.com,Poland
405,Brandon,Peterson,bpetersonb8@ucoz.ru,New Zealand
406,Wayne,Rice,wriceb9@omniture.com,China
407,Nicole,Washington,nwashingtonba@walmart.com,China
408,Philip,Meyer,pmeyerbb@tripadvisor.com,Indonesia
409,Christine,Lawrence,clawrencebc@unblog.fr,Uganda
410,David,Garrett,dgarrettbd@addthis.com,Philippines
411,Norma,Alvarez,nalvarezbe@blinklist.com,Philippines
412,Frank,Rodriguez,frodriguezbf@soup.io,Uruguay
413,Jerry,Peters,jpetersbg@dropbox.com,Cyprus
414,Keith,Chavez,kchavezbh@chronoengine.com,Bulgaria
415,Frances,Morris,fmorrisbi@samsung.com,Russia
416,Dorothy,Hudson,dhudsonbj@opera.com,Moldova
417,Elizabeth,Ross,erossbk@ted.com,Portugal
418,Bruce,Snyder,bsnyderbl@delicious.com,China
419,Joseph,Mccoy,jmccoybm@virginia.edu,Brazil
420,Carl,Holmes,cholmesbn@smugmug.com,Latvia
421,Jonathan,Robertson,jrobertsonbo@squidoo.com,China
422,Anne,Coleman,acolemanbp@toplist.cz,Cambodia
423,Joshua,Rice,jricebq@nhs.uk,Indonesia
424,Kimberly,Allen,kallenbr@auda.org.au,Russia
425,Jason,Gilbert,jgilbertbs@nyu.edu,South Africa
426,Anna,Banks,abanksbt@msn.com,Philippines
427,Carolyn,Lee,cleebu@jiathis.com,Indonesia
428,Melissa,Wallace,mwallacebv@tiny.cc,Indonesia
429,Sara,Johnson,sjohnsonbw@hubpages.com,Indonesia
430,Catherine,Miller,cmillerbx@altervista.org,Russia
431,Lawrence,Sanchez,lsanchezby@wunderground.com,Uzbekistan
432,Judy,Torres,jtorresbz@naver.com,Sweden
433,Justin,Morgan,jmorganc0@toplist.cz,Indonesia
434,Patrick,Stanley,pstanleyc1@techcrunch.com,France
435,Amanda,Ruiz,aruizc2@wordpress.com,China
436,Douglas,Bishop,dbishopc3@google.ru,Peru
437,Justin,Daniels,jdanielsc4@whitehouse.gov,Portugal
438,Christopher,Gomez,cgomezc5@usgs.gov,Russia
439,Kelly,Day,kdayc6@shop-pro.jp,Sweden
440,Brenda,Myers,bmyersc7@mozilla.org,Croatia
441,Ralph,Collins,rcollinsc8@sun.com,Armenia
442,Jennifer,Larson,jlarsonc9@flickr.com,Libya
443,Phillip,Smith,psmithca@nhs.uk,Palestinian Territory
444,Ralph,Lopez,rlopezcb@ibm.com,Sweden
445,Elizabeth,Morales,emoralescc@mlb.com,Honduras
446,Eric,Knight,eknightcd@alibaba.com,Egypt
447,William,Butler,wbutlerce@aboutads.info,Czech Republic
448,William,Medina,wmedinacf@4shared.com,Poland
449,Laura,Greene,lgreenecg@walmart.com,Chad
450,Martin,Martin,mmartinch@csmonitor.com,Kazakhstan
451,Harry,Hill,hhillci@wordpress.com,China
452,Robert,James,rjamescj@smh.com.au,Philippines
453,Marilyn,Johnson,mjohnsonck@mediafire.com,China
454,Heather,Mendoza,hmendozacl@economist.com,Russia
455,Kathleen,King,kkingcm@google.com.hk,Russia
456,Jane,Shaw,jshawcn@a8.net,China
457,Ronald,Stanley,rstanleyco@ftc.gov,Portugal
458,Phyllis,Hill,phillcp@aboutads.info,Philippines
459,Antonio,Price,apricecq@facebook.com,Armenia
460,Diana,Wright,dwrightcr@csmonitor.com,Portugal
461,Tina,Morgan,tmorgancs@google.com.hk,Poland
462,Christopher,Anderson,candersonct@blogtalkradio.com,Brazil
463,Gregory,Marshall,gmarshallcu@elegantthemes.com,Philippines
464,Rose,Perkins,rperkinscv@pagesperso-orange.fr,China
465,Eric,Barnes,ebarnescw@tiny.cc,Vietnam
466,Deborah,Barnes,dbarnescx@photobucket.com,Mexico
467,Shawn,Spencer,sspencercy@vistaprint.com,Sweden
468,Elizabeth,Ellis,eelliscz@vk.com,China
469,Lori,Snyder,lsnyderd0@wufoo.com,China
470,Jean,Crawford,jcrawfordd1@google.pl,South Sudan
471,Alice,Hudson,ahudsond2@fema.gov,Poland
472,Charles,Stanley,cstanleyd3@ebay.com,China
473,Willie,Carr,wcarrd4@naver.com,Russia
474,Kathleen,Wood,kwoodd5@gravatar.com,China
475,Ronald,Fisher,rfisherd6@woothemes.com,Czech Republic
476,Robin,Wallace,rwallaced7@joomla.org,Nigeria
477,Aaron,Stephens,astephensd8@typepad.com,Poland
478,Lisa,Hansen,lhansend9@slashdot.org,Brazil
479,Marie,Gutierrez,mgutierrezda@1688.com,United Kingdom
480,Randy,Chapman,rchapmandb@webmd.com,China
481,Ronald,Day,rdaydc@flickr.com,Argentina
482,Ronald,Wheeler,rwheelerdd@reddit.com,Madagascar
483,Jacqueline,Jacobs,jjacobsde@blinklist.com,Ukraine
484,Brian,Woods,bwoodsdf@ucla.edu,Russia
485,Elizabeth,Howard,ehowarddg@scribd.com,China
486,Rebecca,Rivera,rriveradh@scribd.com,Hungary
487,Lillian,Simmons,lsimmonsdi@t.co,Serbia
488,Aaron,Myers,amyersdj@wordpress.com,Thailand
489,Alice,Parker,aparkerdk@goo.ne.jp,Indonesia
490,Stephen,Rice,sricedl@dyndns.org,Russia
491,Nancy,Morris,nmorrisdm@chron.com,Philippines
492,Jose,Freeman,jfreemandn@prweb.com,Croatia
493,Virginia,Stone,vstonedo@tinypic.com,Lebanon
494,Lawrence,Kim,lkimdp@wired.com,China
495,Jeffrey,Rice,jricedq@reverbnation.com,Greece
496,Willie,Nichols,wnicholsdr@columbia.edu,Ukraine
497,Jack,Anderson,jandersonds@miibeian.gov.cn,Russia
498,Jerry,Wilson,jwilsondt@oakley.com,Costa Rica
499,Mildred,Williams,mwilliamsdu@sciencedirect.com,Portugal
500,Ernest,Harris,eharrisdv@epa.gov,Georgia
501,Julie,Graham,jgrahamdw@mayoclinic.com,Thailand
502,Roy,Knight,rknightdx@fda.gov,Nepal
503,Larry,Jordan,ljordandy@whitehouse.gov,China
504,Sandra,Armstrong,sarmstrongdz@sitemeter.com,Hungary
505,Steven,Kelly,skellye0@squidoo.com,Netherlands
506,Ralph,Olson,rolsone1@bandcamp.com,Indonesia
507,Brian,Price,bpricee2@mail.ru,Czech Republic
508,Eugene,West,eweste3@howstuffworks.com,Honduras
509,Debra,Turner,dturnere4@weibo.com,China
510,Brandon,Burton,bburtone5@about.me,Kuwait
511,Amanda,Cox,acoxe6@amazon.co.jp,China
512,Evelyn,Fowler,efowlere7@wiley.com,Poland
513,Janet,Hughes,jhughese8@dagondesign.com,China
514,Phyllis,Robertson,probertsone9@guardian.co.uk,Libya
515,Katherine,Evans,kevansea@123-reg.co.uk,Japan
516,Nancy,Owens,nowenseb@ameblo.jp,Portugal
517,Russell,Nelson,rnelsonec@timesonline.co.uk,Brazil
518,Christine,Walker,cwalkered@intel.com,China
519,Donald,Stewart,dstewartee@nature.com,Sweden
520,Christopher,Kim,ckimef@businessweek.com,Japan
521,Howard,Black,hblackeg@bbc.co.uk,Argentina
522,Joseph,Boyd,jboydeh@salon.com,Greece
523,Carl,Cole,ccoleei@reuters.com,China
524,Larry,Bradley,lbradleyej@nifty.com,United States
525,Deborah,Bowman,dbowmanek@amazon.de,Philippines
526,Phyllis,Nguyen,pnguyenel@umich.edu,Greece
527,George,Ruiz,gruizem@weibo.com,Portugal
528,Helen,Woods,hwoodsen@typepad.com,Peru
529,Eric,Simpson,esimpsoneo@yandex.ru,Czech Republic
530,Stephanie,Riley,srileyep@samsung.com,Spain
531,Linda,Garcia,lgarciaeq@examiner.com,Dominican Republic
532,Dorothy,James,djameser@linkedin.com,Cameroon
533,Cheryl,Rivera,criveraes@instagram.com,Mongolia
534,Roger,Reynolds,rreynoldset@zdnet.com,Namibia
535,James,Jackson,jjacksoneu@discovery.com,China
536,Timothy,Ferguson,tfergusonev@biblegateway.com,China
537,Teresa,Kelly,tkellyew@yellowbook.com,Philippines
538,Shirley,Diaz,sdiazex@wiley.com,Japan
539,Justin,Murphy,jmurphyey@123-reg.co.uk,China
540,Philip,Kim,pkimez@pcworld.com,China
541,Tammy,Richardson,trichardsonf0@google.it,Armenia
542,Craig,Washington,cwashingtonf1@oracle.com,Colombia
543,Harry,Jacobs,hjacobsf2@washington.edu,Japan
544,John,Wheeler,jwheelerf3@ebay.co.uk,Mexico
545,Douglas,Sanchez,dsanchezf4@parallels.com,Kazakhstan
546,Marie,Harvey,mharveyf5@irs.gov,China
547,Robert,Hawkins,rhawkinsf6@furl.net,China
548,Justin,Carter,jcarterf7@so-net.ne.jp,Indonesia
549,Joyce,Reyes,jreyesf8@prlog.org,China
550,Frances,Burke,fburkef9@hubpages.com,Norway
551,Jose,Hayes,jhayesfa@fema.gov,Indonesia
552,Andrea,Kelly,akellyfb@globo.com,Micronesia
553,Karen,Meyer,kmeyerfc@addtoany.com,China
554,Juan,Hall,jhallfd@netvibes.com,Poland
555,Brian,Young,byoungfe@goo.ne.jp,Morocco
556,Clarence,Day,cdayff@issuu.com,Thailand
557,Ralph,Edwards,redwardsfg@tumblr.com,China
558,Jason,Peters,jpetersfh@friendfeed.com,Portugal
559,Arthur,Price,apricefi@cdbaby.com,Indonesia
560,Annie,Hamilton,ahamiltonfj@hhs.gov,France
561,Deborah,Johnson,djohnsonfk@msn.com,China
562,Paul,Edwards,pedwardsfl@drupal.org,Peru
563,Amanda,Carter,acarterfm@bravesites.com,Mongolia
564,Wanda,Kelly,wkellyfn@craigslist.org,Turkmenistan
565,William,White,wwhitefo@t.co,Jordan
566,Carol,Flores,cfloresfp@squidoo.com,Russia
567,Martin,Sanders,msandersfq@pbs.org,Thailand
568,Jessica,Martin,jmartinfr@cbsnews.com,Ireland
569,David,Campbell,dcampbellfs@google.co.jp,United Kingdom
570,Cheryl,Wells,cwellsft@nature.com,Indonesia
571,Jerry,Woods,jwoodsfu@oakley.com,Indonesia
572,Evelyn,Morris,emorrisfv@comsenz.com,South Africa
573,Emily,Warren,ewarrenfw@github.com,Indonesia
574,Thomas,Simmons,tsimmonsfx@shutterfly.com,Philippines
575,Anna,Peters,apetersfy@bravesites.com,China
576,Jack,Fuller,jfullerfz@hp.com,Ukraine
577,Arthur,Harris,aharrisg0@sphinn.com,Croatia
578,Janet,Alvarez,jalvarezg1@nps.gov,China
579,Sara,Ellis,sellisg2@slate.com,Thailand
580,Kenneth,Chavez,kchavezg3@nifty.com,China
581,Melissa,Knight,mknightg4@slate.com,Greece
582,Karen,Nichols,knicholsg5@slideshare.net,Panama
583,Philip,Gilbert,pgilbertg6@harvard.edu,France
584,Scott,Nelson,snelsong7@prlog.org,Philippines
585,Christina,Washington,cwashingtong8@hud.gov,Indonesia
586,Sara,Gardner,sgardnerg9@microsoft.com,China
587,Craig,Bell,cbellga@webs.com,Japan
588,Russell,Rodriguez,rrodriguezgb@typepad.com,China
589,Christina,Nelson,cnelsongc@ed.gov,Vietnam
590,Susan,Ramirez,sramirezgd@amazon.co.uk,Poland
591,Maria,Duncan,mduncange@tripod.com,Yemen
592,Carlos,Robinson,crobinsongf@usatoday.com,Slovenia
593,Barbara,Jackson,bjacksongg@hibu.com,China
594,Robert,Green,rgreengh@guardian.co.uk,Ireland
595,Martin,Ortiz,mortizgi@netlog.com,China
596,Judy,Dean,jdeangj@exblog.jp,Portugal
597,Phyllis,Ross,prossgk@desdev.cn,Portugal
598,Tammy,Rodriguez,trodriguezgl@netvibes.com,Ukraine
599,Carlos,Wheeler,cwheelergm@patch.com,Indonesia
600,Brian,Ortiz,bortizgn@opera.com,China
601,Melissa,Wright,mwrightgo@i2i.jp,China
602,Willie,Hamilton,whamiltongp@nbcnews.com,China
603,Helen,James,hjamesgq@apache.org,Indonesia
604,Dorothy,Ray,draygr@51.la,Thailand
605,Karen,Burns,kburnsgs@over-blog.com,United States
606,Louis,Simmons,lsimmonsgt@slashdot.org,China
607,Earl,Garcia,egarciagu@tripod.com,North Korea
608,Harry,Jones,hjonesgv@topsy.com,Sweden
609,Jennifer,Bishop,jbishopgw@discovery.com,Austria
610,Jerry,Gonzales,jgonzalesgx@liveinternet.ru,Poland
611,Philip,Nelson,pnelsongy@gizmodo.com,Indonesia
612,Harold,Lee,hleegz@statcounter.com,Honduras
613,Kelly,Schmidt,kschmidth0@qq.com,Thailand
614,Joseph,Webb,jwebbh1@abc.net.au,Mexico
615,Antonio,Stone,astoneh2@pagesperso-orange.fr,Russia
616,Catherine,Carpenter,ccarpenterh3@washingtonpost.com,Indonesia
617,Dorothy,Matthews,dmatthewsh4@shop-pro.jp,Ivory Coast
618,Annie,Morales,amoralesh5@arstechnica.com,Paraguay
619,Evelyn,Allen,eallenh6@google.ca,Ukraine
620,Margaret,Ryan,mryanh7@thetimes.co.uk,Bosnia and Herzegovina
621,Steven,Bowman,sbowmanh8@sciencedaily.com,China
622,Adam,Snyder,asnyderh9@canalblog.com,Ukraine
623,Virginia,Anderson,vandersonha@wsj.com,China
624,Philip,Dixon,pdixonhb@sohu.com,China
625,Antonio,Hall,ahallhc@so-net.ne.jp,Peru
626,Phillip,Armstrong,parmstronghd@amazon.co.jp,Ukraine
627,Matthew,Washington,mwashingtonhe@ed.gov,China
628,Judy,Burton,jburtonhf@businessweek.com,Oman
629,Robert,Diaz,rdiazhg@histats.com,Russia
630,Stephen,Fuller,sfullerhh@infoseek.co.jp,Vietnam
631,Gerald,Rodriguez,grodriguezhi@reuters.com,Russia
632,Aaron,Peterson,apetersonhj@hc360.com,Poland
633,Scott,Marshall,smarshallhk@barnesandnoble.com,Ukraine
634,Linda,Austin,laustinhl@ox.ac.uk,Portugal
635,Jean,Mendoza,jmendozahm@booking.com,Czech Republic
636,Norma,Berry,nberryhn@dedecms.com,France
637,Louise,Price,lpriceho@soup.io,Iran
638,Carolyn,Porter,cporterhp@umich.edu,New Zealand
639,Rachel,Grant,rgranthq@wikispaces.com,Myanmar
640,Marilyn,Gray,mgrayhr@vimeo.com,Peru
641,Roy,Barnes,rbarneshs@123-reg.co.uk,Indonesia
642,Chris,Weaver,cweaverht@google.com.au,Sweden
643,Ruby,Tucker,rtuckerhu@netscape.com,Netherlands
644,Kathleen,Reynolds,kreynoldshv@dedecms.com,Philippines
645,Lori,Taylor,ltaylorhw@huffingtonpost.com,Philippines
646,Charles,Russell,crussellhx@illinois.edu,Peru
647,Tammy,Edwards,tedwardshy@biglobe.ne.jp,Ecuador
648,Lawrence,Brown,lbrownhz@deviantart.com,China
649,Sandra,Webb,swebbi0@scientificamerican.com,Mexico
650,Carlos,Cooper,ccooperi1@tuttocitta.it,Ukraine
651,Jeffrey,Bradley,jbradleyi2@tiny.cc,France
652,Raymond,Stewart,rstewarti3@apple.com,Honduras
653,Theresa,Matthews,tmatthewsi4@123-reg.co.uk,Indonesia
654,Doris,Patterson,dpattersoni5@ustream.tv,Philippines
655,Charles,Bishop,cbishopi6@homestead.com,Dominican Republic
656,Chris,Hill,chilli7@china.com.cn,Argentina
657,Anna,Smith,asmithi8@spotify.com,Russia
658,Cynthia,Grant,cgranti9@techcrunch.com,Poland
659,Ernest,Smith,esmithia@ask.com,Ukraine
660,Christopher,Moreno,cmorenoib@soup.io,Indonesia
661,Pamela,Peterson,ppetersonic@seattletimes.com,Colombia
662,Clarence,Gonzales,cgonzalesid@tumblr.com,China
663,Frances,Crawford,fcrawfordie@globo.com,China
664,George,Mendoza,gmendozaif@admin.ch,Laos
665,Christina,Nelson,cnelsonig@nba.com,China
666,Evelyn,Foster,efosterih@usda.gov,Peru
667,Doris,Frazier,dfrazierii@buzzfeed.com,Thailand
668,Anne,Washington,awashingtonij@disqus.com,Netherlands
669,Debra,Castillo,dcastilloik@dot.gov,Brazil
670,Craig,Brooks,cbrooksil@dyndns.org,Laos
671,Janice,Ferguson,jfergusonim@usnews.com,Poland
672,Jesse,Nguyen,jnguyenin@theglobeandmail.com,Togo
673,Christine,Harvey,charveyio@auda.org.au,China
674,Paula,Wright,pwrightip@github.com,Indonesia
675,Richard,Jordan,rjordaniq@hubpages.com,Colombia
676,Irene,Ward,iwardir@jiathis.com,Philippines
677,Ann,Wilson,awilsonis@meetup.com,Costa Rica
678,Jose,Pierce,jpierceit@typepad.com,Russia
679,Aaron,Sanders,asandersiu@jugem.jp,Indonesia
680,Anna,Riley,arileyiv@princeton.edu,Philippines
681,Joshua,Allen,jalleniw@aboutads.info,China
682,Virginia,Adams,vadamsix@ezinearticles.com,Indonesia
683,Nicole,Sanchez,nsancheziy@reference.com,Comoros
684,Louise,Simpson,lsimpsoniz@trellian.com,China
685,Jennifer,Hayes,jhayesj0@hexun.com,Peru
686,Sarah,Barnes,sbarnesj1@angelfire.com,Uruguay
687,Susan,Henderson,shendersonj2@joomla.org,Indonesia
688,Betty,Webb,bwebbj3@histats.com,Russia
689,Stephanie,Ramirez,sramirezj4@csmonitor.com,Belgium
690,Jean,Young,jyoungj5@xing.com,Indonesia
691,Gregory,Harper,gharperj6@bigcartel.com,Russia
692,Ann,Wagner,awagnerj7@twitter.com,China
693,Robin,Burke,rburkej8@blogs.com,Canada
694,Harry,Kelley,hkelleyj9@mysql.com,Russia
695,Mary,Stanley,mstanleyja@newyorker.com,Peru
696,Larry,Matthews,lmatthewsjb@mysql.com,China
697,Betty,Gonzalez,bgonzalezjc@chron.com,Japan
698,Shirley,Henry,shenryjd@cpanel.net,Russia
699,Katherine,Martinez,kmartinezje@salon.com,Indonesia
700,Peter,Long,plongjf@xinhuanet.com,China
701,Eric,Bailey,ebaileyjg@gizmodo.com,Canada
702,Heather,Anderson,handersonjh@reverbnation.com,China
703,Russell,Washington,rwashingtonji@redcross.org,China
704,Julia,Clark,jclarkjj@dmoz.org,France
705,Rose,Ray,rrayjk@example.com,Montenegro
706,Bonnie,Flores,bfloresjl@reverbnation.com,Indonesia
707,Paul,Vasquez,pvasquezjm@fda.gov,China
708,Frank,Pierce,fpiercejn@patch.com,United States
709,Theresa,Phillips,tphillipsjo@shutterfly.com,Honduras
710,Laura,Wright,lwrightjp@bloomberg.com,Finland
711,Ann,Dixon,adixonjq@japanpost.jp,United States
712,Carl,Lawson,clawsonjr@mapquest.com,Brazil
713,Benjamin,Baker,bbakerjs@elegantthemes.com,Indonesia
714,Peter,Stephens,pstephensjt@usa.gov,France
715,Judith,Cooper,jcooperju@vimeo.com,China
716,David,Vasquez,dvasquezjv@paginegialle.it,China
717,Johnny,Torres,jtorresjw@dmoz.org,South Korea
718,Kathryn,Nguyen,knguyenjx@soup.io,Croatia
719,William,Bell,wbelljy@ucsd.edu,Poland
720,Benjamin,Gutierrez,bgutierrezjz@slate.com,Indonesia
721,Donald,Evans,devansk0@ox.ac.uk,Russia
722,Lori,Grant,lgrantk1@1688.com,Russia
723,Jean,Ford,jfordk2@adobe.com,Russia
724,Jimmy,Brown,jbrownk3@naver.com,China
725,Louis,Snyder,lsnyderk4@i2i.jp,Indonesia
726,Sandra,Daniels,sdanielsk5@vimeo.com,Portugal
727,Virginia,Chapman,vchapmank6@hhs.gov,Indonesia
728,Barbara,Tucker,btuckerk7@meetup.com,Canada
729,Samuel,Hernandez,shernandezk8@typepad.com,Philippines
730,Bruce,Bradley,bbradleyk9@china.com.cn,Indonesia
731,Jennifer,Watkins,jwatkinska@forbes.com,Poland
732,Virginia,Harrison,vharrisonkb@uiuc.edu,Ukraine
733,Catherine,Vasquez,cvasquezkc@drupal.org,Guadeloupe
734,Jack,Taylor,jtaylorkd@samsung.com,Morocco
735,Martin,Harrison,mharrisonke@bloglovin.com,Greece
736,Albert,Stanley,astanleykf@ed.gov,Canada
737,Bobby,King,bkingkg@weebly.com,Pakistan
738,Edward,Schmidt,eschmidtkh@arstechnica.com,Finland
739,Andrea,Roberts,arobertski@va.gov,Canada
740,Rose,Kelley,rkelleykj@e-recht24.de,Greece
741,Brenda,Pierce,bpiercekk@ask.com,Philippines
742,Jimmy,Carr,jcarrkl@google.co.jp,Indonesia
743,Ernest,Henderson,ehendersonkm@gizmodo.com,Portugal
744,Chris,Morales,cmoraleskn@livejournal.com,Sweden
745,Judith,Cook,jcookko@artisteer.com,China
746,Joyce,Wood,jwoodkp@disqus.com,China
747,Tammy,Ellis,telliskq@angelfire.com,San Marino
748,Virginia,Dixon,vdixonkr@mozilla.org,Nigeria
749,Clarence,Richardson,crichardsonks@lulu.com,American Samoa
750,Antonio,Ruiz,aruizkt@instagram.com,Brazil
751,Andrew,Schmidt,aschmidtku@smugmug.com,Portugal
752,Anne,Washington,awashingtonkv@cafepress.com,Philippines
753,Jane,Richardson,jrichardsonkw@youtube.com,Poland
754,Laura,Dean,ldeankx@shop-pro.jp,Bangladesh
755,Daniel,Wright,dwrightky@cpanel.net,Papua New Guinea
756,Michael,Mason,mmasonkz@dell.com,China
757,Sean,Berry,sberryl0@wordpress.com,Portugal
758,Robin,Reid,rreidl1@smh.com.au,Philippines
759,Joan,Bryant,jbryantl2@time.com,Pakistan
760,Joseph,Richards,jrichardsl3@twitter.com,Russia
761,Alan,Robinson,arobinsonl4@opensource.org,China
762,Joan,Hanson,jhansonl5@geocities.com,Mongolia
763,Larry,Black,lblackl6@toplist.cz,France
764,Joyce,Harrison,jharrisonl7@lulu.com,Japan
765,Carolyn,Stone,cstonel8@accuweather.com,China
766,Louise,Jackson,ljacksonl9@howstuffworks.com,Poland
767,Bruce,Thomas,bthomasla@buzzfeed.com,Brazil
768,Anna,Diaz,adiazlb@qq.com,Greece
769,Kevin,Hamilton,khamiltonlc@msu.edu,Czech Republic
770,Martha,Martin,mmartinld@marriott.com,Russia
771,Kathy,Hart,khartle@plala.or.jp,Nigeria
772,Roy,Robertson,rrobertsonlf@pcworld.com,Indonesia
773,Louise,Greene,lgreenelg@who.int,Poland
774,Carol,Nichols,cnicholslh@chronoengine.com,Japan
775,Victor,Holmes,vholmesli@cpanel.net,Cuba
776,George,Barnes,gbarneslj@flickr.com,Pakistan
777,Cheryl,Johnson,cjohnsonlk@seattletimes.com,Cameroon
778,Jesse,Torres,jtorresll@bloglines.com,Ghana
779,Irene,Moreno,imorenolm@smh.com.au,China
780,Amanda,Spencer,aspencerln@nhs.uk,Egypt
781,Kimberly,Dixon,kdixonlo@networkadvertising.org,Philippines
782,Catherine,Holmes,cholmeslp@usda.gov,Portugal
783,Pamela,Weaver,pweaverlq@huffingtonpost.com,Indonesia
784,Dennis,Diaz,ddiazlr@elegantthemes.com,China
785,Virginia,Morales,vmoralesls@addthis.com,Vietnam
786,Deborah,Shaw,dshawlt@vinaora.com,Portugal
787,Katherine,Andrews,kandrewslu@nymag.com,Venezuela
788,Timothy,Vasquez,tvasquezlv@constantcontact.com,China
789,Justin,Russell,jrusselllw@symantec.com,Portugal
790,Jack,Riley,jrileylx@sogou.com,Indonesia
791,Frank,Gordon,fgordonly@ca.gov,United States
792,Mary,Campbell,mcampbelllz@dagondesign.com,Portugal
793,Kathryn,Arnold,karnoldm0@uiuc.edu,Honduras
794,Timothy,Knight,tknightm1@csmonitor.com,United States
795,Pamela,Burns,pburnsm2@simplemachines.org,China
796,Tina,Hunter,thunterm3@printfriendly.com,Russia
797,Dorothy,Harper,dharperm4@dagondesign.com,Turkmenistan
798,Steven,Evans,sevansm5@alibaba.com,China
799,Donna,West,dwestm6@feedburner.com,Portugal
800,Nicholas,Palmer,npalmerm7@parallels.com,Russia
801,Henry,Ruiz,hruizm8@blogger.com,Poland
802,Kathleen,Murphy,kmurphym9@europa.eu,Indonesia
803,Beverly,Vasquez,bvasquezma@redcross.org,Estonia
804,Larry,Greene,lgreenemb@uol.com.br,Russia
805,Sharon,Sanders,ssandersmc@foxnews.com,Sweden
806,Willie,Castillo,wcastillomd@taobao.com,Portugal
807,Gloria,Davis,gdavisme@ted.com,Australia
808,Samuel,Sullivan,ssullivanmf@google.es,Poland
809,Mildred,Young,myoungmg@over-blog.com,Latvia
810,Keith,Armstrong,karmstrongmh@globo.com,China
811,Melissa,Bryant,mbryantmi@hhs.gov,Russia
812,James,Gonzales,jgonzalesmj@discuz.net,Pakistan
813,Donald,Day,ddaymk@dion.ne.jp,China
814,Jason,Crawford,jcrawfordml@mac.com,Brazil
815,Anne,Henry,ahenrymm@msu.edu,Philippines
816,Mary,Graham,mgrahammn@homestead.com,China
817,Eugene,Wilson,ewilsonmo@ihg.com,Indonesia
818,Lawrence,Anderson,landersonmp@yahoo.co.jp,Norway
819,Phyllis,Castillo,pcastillomq@bloglovin.com,Japan
820,Wanda,Black,wblackmr@tmall.com,Finland
821,Ruth,Hudson,rhudsonms@ca.gov,Russia
822,Tammy,Gutierrez,tgutierrezmt@utexas.edu,Iran
823,Martha,Riley,mrileymu@reuters.com,Indonesia
824,Jane,Hughes,jhughesmv@a8.net,Indonesia
825,Randy,Mccoy,rmccoymw@google.co.uk,China
826,Roger,Hicks,rhicksmx@deviantart.com,China
827,Ashley,Armstrong,aarmstrongmy@liveinternet.ru,Indonesia
828,Cynthia,Powell,cpowellmz@goo.gl,Argentina
829,Gloria,Brooks,gbrooksn0@typepad.com,China
830,Bonnie,Simmons,bsimmonsn1@nsw.gov.au,Peru
831,Alan,Lawson,alawsonn2@dedecms.com,Finland
832,Teresa,Lawrence,tlawrencen3@census.gov,South Korea
833,Debra,Collins,dcollinsn4@samsung.com,France
834,Robin,Johnston,rjohnstonn5@arizona.edu,China
835,Robert,Davis,rdavisn6@japanpost.jp,China
836,Aaron,Wagner,awagnern7@netvibes.com,Pakistan
837,Irene,Dean,ideann8@opera.com,Indonesia
838,Annie,Oliver,aolivern9@wiley.com,Pakistan
839,Anne,Stanley,astanleyna@meetup.com,Papua New Guinea
840,Kathy,Chapman,kchapmannb@examiner.com,China
841,Louis,Burton,lburtonnc@ezinearticles.com,France
842,Terry,Chapman,tchapmannd@archive.org,China
843,Lawrence,Morales,lmoralesne@msu.edu,Poland
844,Judith,James,jjamesnf@amazon.com,China
845,Joshua,Gardner,jgardnerng@ucoz.com,Honduras
846,Paula,Perry,pperrynh@msu.edu,Japan
847,Gerald,Dean,gdeanni@guardian.co.uk,Philippines
848,Mary,Hanson,mhansonnj@prnewswire.com,Poland
849,Judith,Hamilton,jhamiltonnk@rakuten.co.jp,Philippines
850,Jason,Burton,jburtonnl@goo.gl,Indonesia
851,Debra,Bishop,dbishopnm@reference.com,Portugal
852,Judy,Murphy,jmurphynn@cbc.ca,China
853,Shawn,Ramirez,sramirezno@unblog.fr,United Kingdom
854,Steve,Porter,sporternp@bloomberg.com,Ireland
855,Bruce,Warren,bwarrennq@google.co.uk,Mexico
856,Carl,Stephens,cstephensnr@freewebs.com,South Korea
857,Michelle,Mills,mmillsns@google.co.jp,Albania
858,Norma,Russell,nrussellnt@elegantthemes.com,Czech Republic
859,Theresa,Austin,taustinnu@reuters.com,Micronesia
860,Mildred,Carter,mcarternv@nasa.gov,Albania
861,Paula,Myers,pmyersnw@un.org,Indonesia
862,Kathryn,Fisher,kfishernx@jalbum.net,United States
863,Victor,Bowman,vbowmanny@bing.com,Ukraine
864,Dorothy,Harris,dharrisnz@cbslocal.com,China
865,Marie,Myers,mmyerso0@cbc.ca,China
866,Joe,Berry,jberryo1@squarespace.com,Serbia
867,Randy,Richards,rrichardso2@parallels.com,China
868,Joseph,Chavez,jchavezo3@irs.gov,Japan
869,Laura,Bryant,lbryanto4@un.org,Poland
870,Theresa,Richardson,trichardsono5@bloglovin.com,Mexico
871,Walter,Walker,wwalkero6@gnu.org,Norway
872,Carlos,Mendoza,cmendozao7@walmart.com,Indonesia
873,Harry,Crawford,hcrawfordo8@nifty.com,South Africa
874,Michelle,Brooks,mbrookso9@theglobeandmail.com,China
875,Mary,Carpenter,mcarpenteroa@usa.gov,Ecuador
876,Tammy,Myers,tmyersob@wix.com,Indonesia
877,Tammy,Franklin,tfranklinoc@wiley.com,Saudi Arabia
878,Maria,Reynolds,mreynoldsod@independent.co.uk,Morocco
879,Chris,Morrison,cmorrisonoe@noaa.gov,Indonesia
880,Rachel,Mcdonald,rmcdonaldof@usa.gov,Guatemala
881,Philip,Davis,pdavisog@yahoo.co.jp,China
882,Jacqueline,Mitchell,jmitchelloh@nymag.com,Belarus
883,Mark,Armstrong,marmstrongoi@lulu.com,Vietnam
884,Jimmy,Lewis,jlewisoj@usnews.com,Russia
885,Ryan,Johnston,rjohnstonok@opera.com,China
886,Victor,Lee,vleeol@friendfeed.com,Indonesia
887,Mary,Ryan,mryanom@mlb.com,Germany
888,Alice,Cooper,acooperon@illinois.edu,French Southern Territories
889,Jennifer,Henry,jhenryoo@i2i.jp,Brazil
890,Louise,Wallace,lwallaceop@instagram.com,Tunisia
891,Melissa,Snyder,msnyderoq@toplist.cz,Czech Republic
892,Judith,Robinson,jrobinsonor@abc.net.au,Panama
893,Christina,Dunn,cdunnos@vkontakte.ru,Poland
894,Melissa,Jenkins,mjenkinsot@freewebs.com,China
895,Linda,Martinez,lmartinezou@marketwatch.com,Indonesia
896,Paul,Adams,padamsov@umich.edu,Russia
897,Lori,Hall,lhallow@sbwire.com,Philippines
898,Gregory,Bradley,gbradleyox@ebay.co.uk,Colombia
899,Linda,Robinson,lrobinsonoy@reverbnation.com,France
900,Lori,Hicks,lhicksoz@harvard.edu,Ukraine
901,Ashley,Bryant,abryantp0@jigsy.com,Brazil
902,Ronald,Woods,rwoodsp1@hibu.com,Indonesia
903,Richard,Willis,rwillisp2@redcross.org,Ukraine
904,Deborah,Myers,dmyersp3@sphinn.com,Mongolia
905,Ashley,Adams,aadamsp4@java.com,Indonesia
906,Betty,Simmons,bsimmonsp5@netscape.com,Philippines
907,David,Collins,dcollinsp6@loc.gov,Colombia
908,Beverly,Foster,bfosterp7@linkedin.com,Russia
909,Jacqueline,Williamson,jwilliamsonp8@craigslist.org,China
910,Wanda,Hayes,whayesp9@foxnews.com,China
911,Raymond,Baker,rbakerpa@skyrock.com,Indonesia
912,Joan,Bailey,jbaileypb@wired.com,China
913,Rose,Jordan,rjordanpc@archive.org,United Arab Emirates
914,Melissa,Vasquez,mvasquezpd@google.co.uk,Germany
915,Kathryn,Young,kyoungpe@illinois.edu,Peru
916,Laura,Reynolds,lreynoldspf@google.ca,Portugal
917,Annie,Lopez,alopezpg@japanpost.jp,Brazil
918,Billy,Robertson,brobertsonph@homestead.com,Russia
919,Doris,Stanley,dstanleypi@ted.com,Thailand
920,Wayne,Ray,wraypj@ameblo.jp,Tunisia
921,Lois,Wheeler,lwheelerpk@ibm.com,South Sudan
922,Norma,Turner,nturnerpl@wired.com,Philippines
923,Cynthia,Johnston,cjohnstonpm@toplist.cz,Syria
924,Andrea,Johnston,ajohnstonpn@accuweather.com,Indonesia
925,Brenda,Hernandez,bhernandezpo@cbsnews.com,France
926,Dennis,Young,dyoungpp@nytimes.com,China
927,Lawrence,Hanson,lhansonpq@bing.com,Croatia
928,Joshua,Freeman,jfreemanpr@opensource.org,Nigeria
929,Scott,Hunt,shuntps@i2i.jp,Egypt
930,David,Young,dyoungpt@friendfeed.com,Slovenia
931,Ronald,Larson,rlarsonpu@pagesperso-orange.fr,Indonesia
932,Roger,Sanders,rsanderspv@blog.com,Uruguay
933,Roy,Matthews,rmatthewspw@mit.edu,Brazil
934,Willie,Young,wyoungpx@digg.com,Burundi
935,Walter,Bryant,wbryantpy@sitemeter.com,Mauritius
936,Angela,Lewis,alewispz@dagondesign.com,France
937,Jeffrey,Fox,jfoxq0@ed.gov,Israel
938,Ernest,Bennett,ebennettq1@cisco.com,China
939,Irene,Ramos,iramosq2@webeden.co.uk,Poland
940,Charles,Murphy,cmurphyq3@eventbrite.com,Czech Republic
941,Tina,Crawford,tcrawfordq4@devhub.com,Finland
942,Brian,Ward,bwardq5@ebay.co.uk,China
943,Andrew,Baker,abakerq6@chicagotribune.com,United States
944,James,Little,jlittleq7@sun.com,Indonesia
945,Thomas,Henderson,thendersonq8@cbc.ca,Argentina
946,Stephanie,Palmer,spalmerq9@example.com,Gabon
947,Earl,Richardson,erichardsonqa@hud.gov,Tajikistan
948,Lori,Gilbert,lgilbertqb@businessinsider.com,China
949,Andrea,Carroll,acarrollqc@weebly.com,Ghana
950,Susan,Lane,slaneqd@delicious.com,Indonesia
951,Todd,Fox,tfoxqe@xing.com,Ukraine
952,Phillip,Bailey,pbaileyqf@gov.uk,France
953,Barbara,Henry,bhenryqg@tripod.com,Indonesia
954,Anna,Webb,awebbqh@loc.gov,Honduras
955,Jesse,Daniels,jdanielsqi@ftc.gov,South Africa
956,Eugene,Diaz,ediazqj@mayoclinic.com,Sweden
957,Stephanie,Wheeler,swheelerqk@gov.uk,Thailand
958,Beverly,Lopez,blopezql@bbb.org,Greece
959,Shirley,Welch,swelchqm@prweb.com,Indonesia
960,Jonathan,Scott,jscottqn@skype.com,Azerbaijan
961,Phyllis,Hughes,phughesqo@about.com,Brazil
962,Lillian,Hunt,lhuntqp@dedecms.com,Afghanistan
963,Doris,Olson,dolsonqq@networkadvertising.org,Indonesia
964,Annie,Roberts,arobertsqr@oakley.com,China
965,Irene,Webb,iwebbqs@seesaa.net,Portugal
966,Ronald,Meyer,rmeyerqt@omniture.com,China
967,Julia,Robertson,jrobertsonqu@oakley.com,Argentina
968,Annie,Welch,awelchqv@sogou.com,Mexico
969,Annie,Porter,aporterqw@ocn.ne.jp,Bolivia
970,Edward,Harrison,eharrisonqx@fotki.com,Finland
971,Laura,Watkins,lwatkinsqy@imgur.com,Portugal
972,Anthony,Robinson,arobinsonqz@google.nl,Sweden
973,Scott,Hughes,shughesr0@census.gov,Brazil
974,Cynthia,Stevens,cstevensr1@ovh.net,China
975,Bonnie,Collins,bcollinsr2@reuters.com,Portugal
976,Elizabeth,Daniels,edanielsr3@tiny.cc,Indonesia
977,Patrick,Anderson,pandersonr4@constantcontact.com,Canada
978,Adam,Owens,aowensr5@baidu.com,China
979,Joyce,Rogers,jrogersr6@dot.gov,Argentina
980,Patricia,Harrison,pharrisonr7@ow.ly,Greece
981,Lawrence,Ferguson,lfergusonr8@goo.gl,Finland
982,Denise,King,dkingr9@issuu.com,Montenegro
983,Chris,Warren,cwarrenra@yandex.ru,Sweden
984,Charles,Woods,cwoodsrb@spotify.com,Russia
985,Alice,Jacobs,ajacobsrc@youtu.be,Sweden
986,David,Richards,drichardsrd@phpbb.com,Argentina
987,Charles,Miller,cmillerre@chronoengine.com,Philippines
988,Steven,Murray,smurrayrf@ucoz.com,Honduras
989,Robin,Perkins,rperkinsrg@google.es,China
990,Adam,Reyes,areyesrh@time.com,Russia
991,Sandra,Young,syoungri@google.com.hk,Sweden
992,Justin,Rodriguez,jrodriguezrj@t.co,Madagascar
993,Virginia,Harper,vharperrk@house.gov,Poland
994,Richard,Nichols,rnicholsrl@stanford.edu,Micronesia
995,Sharon,Ford,sfordrm@cdc.gov,Indonesia
996,Virginia,Dunn,vdunnrn@geocities.com,Spain
997,Benjamin,Cooper,bcooperro@chron.com,Syria
998,Janet,Gutierrez,jgutierrezrp@wordpress.com,Indonesia
999,Sharon,Roberts,srobertsrq@eventbrite.com,China
1000,Kathleen,Howard,khowardrr@hud.gov,Russia
